Tweet_Id,Time_Of_Tweet,User_ID,Tweet_Text
1278010434814201856,2020-06-30 17:00:06,1323280062,One Bitcoin now worth     Market Cap     Billion Based  coindesk BPI bitcoin
1278002877005430784,2020-06-30 16:30:04,1323280062,One Bitcoin now worth     Market Cap     Billion Based  coindesk BPI bitcoin
1277995335130984456,2020-06-30 16:00:06,1323280062,One Bitcoin now worth     Market Cap     Billion Based  coindesk BPI bitcoin
1277987776160501763,2020-06-30 15:30:04,1323280062,One Bitcoin now worth     Market Cap     Billion Based  coindesk BPI bitcoin
1277980229760237569,2020-06-30 15:00:05,1323280062,One Bitcoin now worth     Market Cap     Billion Based  coindesk BPI bitcoin
1277972680474411008,2020-06-30 14:30:05,1323280062,One Bitcoin now worth     Market Cap     Billion Based  coindesk BPI bitcoin
1277965132987949061,2020-06-30 14:00:05,1323280062,One Bitcoin now worth     Market Cap     Billion Based  coindesk BPI bitcoin
1277957580787118081,2020-06-30 13:30:05,1323280062,One Bitcoin now worth     Market Cap     Billion Based  coindesk BPI bitcoin
1277950037255995392,2020-06-30 13:00:06,1323280062,One Bitcoin now worth     Market Cap     Billion Based  coindesk BPI bitcoin
1277942475903172610,2020-06-30 12:30:03,1323280062,One Bitcoin now worth     Market Cap     Billion Based  coindesk BPI bitcoin
1277934934313897987,2020-06-30 12:00:05,1323280062,One Bitcoin now worth     Market Cap     Billion Based  coindesk BPI bitcoin
1277927377025277952,2020-06-30 11:30:04,1323280062,One Bitcoin now worth     Market Cap     Billion Based  coindesk BPI bitcoin
1277919834588708864,2020-06-30 11:00:05,1323280062,One Bitcoin now worth     Market Cap     Billion Based  coindesk BPI bitcoin
1277912282752786432,2020-06-30 10:30:05,1323280062,One Bitcoin now worth     Market Cap     Billion Based  coindesk BPI bitcoin
1277904735673122821,2020-06-30 10:00:05,1323280062,One Bitcoin now worth     Market Cap     Billion Based  coindesk BPI bitcoin
1277897182834761728,2020-06-30 09:30:05,1323280062,One Bitcoin now worth     Market Cap     Billion Based  coindesk BPI bitcoin
1277889632106135557,2020-06-30 09:00:04,1323280062,One Bitcoin now worth     Market Cap     Billion Based  coindesk BPI bitcoin
1277882081012379648,2020-06-30 08:30:04,1323280062,One Bitcoin now worth     Market Cap     Billion Based  coindesk BPI bitcoin
1277874536260796419,2020-06-30 08:00:05,1323280062,One Bitcoin now worth     Market Cap     Billion Based  coindesk BPI bitcoin
1277866980117184514,2020-06-30 07:30:04,1323280062,One Bitcoin now worth     Market Cap     Billion Based  coindesk BPI bitcoin
1277859436720201735,2020-06-30 07:00:05,1323280062,One Bitcoin now worth     Market Cap     Billion Based  coindesk BPI bitcoin
1277851883525353472,2020-06-30 06:30:05,1323280062,One Bitcoin now worth     Market Cap     Billion Based  coindesk BPI bitcoin
1277844340715503616,2020-06-30 06:00:06,1323280062,One Bitcoin now worth     Market Cap     Billion Based  coindesk BPI bitcoin
1277836782848086016,2020-06-30 05:30:04,1323280062,One Bitcoin now worth     Market Cap     Billion Based  coindesk BPI bitcoin
1277829237748240384,2020-06-30 05:00:05,1323280062,One Bitcoin now worth     Market Cap     Billion Based  coindesk BPI bitcoin
1277821683924119552,2020-06-30 04:30:04,1323280062,One Bitcoin now worth     Market Cap     Billion Based  coindesk BPI bitcoin
1277814138778071045,2020-06-30 04:00:05,1323280062,One Bitcoin now worth     Market Cap     Billion Based  coindesk BPI bitcoin
1277806582156443648,2020-06-30 03:30:04,1323280062,One Bitcoin now worth     Market Cap     Billion Based  coindesk BPI bitcoin
1277799040944652289,2020-06-30 03:00:06,1323280062,One Bitcoin now worth     Market Cap     Billion Based  coindesk BPI bitcoin
1277791481194065921,2020-06-30 02:30:03,1323280062,One Bitcoin now worth     Market Cap     Billion Based  coindesk BPI bitcoin
1277783941806796802,2020-06-30 02:00:06,1323280062,One Bitcoin now worth     Market Cap     Billion Based  coindesk BPI bitcoin
1277776386795732999,2020-06-30 01:30:05,1323280062,One Bitcoin now worth     Market Cap     Billion Based  coindesk BPI bitcoin
1277768843700719618,2020-06-30 01:00:06,1323280062,One Bitcoin now worth     Market Cap     Billion Based  coindesk BPI bitcoin
1277761286202445825,2020-06-30 00:30:04,1323280062,One Bitcoin now worth     Market Cap     Billion Based  coindesk BPI bitcoin
1277753741853306880,2020-06-30 00:00:06,1323280062,One Bitcoin now worth     Market Cap     Billion Based  coindesk BPI bitcoin
1277746184334032898,2020-06-29 23:30:04,1323280062,One Bitcoin now worth     Market Cap     Billion Based  coindesk BPI bitcoin
1277738640001638408,2020-06-29 23:00:05,1323280062,One Bitcoin now worth     Market Cap     Billion Based  coindesk BPI bitcoin
1277731086253076481,2020-06-29 22:30:04,1323280062,One Bitcoin now worth     Market Cap     Billion Based  coindesk BPI bitcoin
1277723547817988096,2020-06-29 22:00:07,1323280062,One Bitcoin now worth     Market Cap     Billion Based  coindesk BPI bitcoin
1277715987090083842,2020-06-29 21:30:04,1323280062,One Bitcoin now worth     Market Cap     Billion Based  coindesk BPI bitcoin
1277708443319705603,2020-06-29 21:00:06,1323280062,One Bitcoin now worth     Market Cap     Billion Based  coindesk BPI bitcoin
1277700887629217797,2020-06-29 20:30:04,1323280062,One Bitcoin now worth     Market Cap     Billion Based  coindesk BPI bitcoin
1277693345675063296,2020-06-29 20:00:06,1323280062,One Bitcoin now worth     Market Cap     Billion Based  coindesk BPI bitcoin
1277685785915994112,2020-06-29 19:30:04,1323280062,One Bitcoin now worth     Market Cap     Billion Based  coindesk BPI bitcoin
1277678243584360453,2020-06-29 19:00:06,1323280062,One Bitcoin now worth     Market Cap     Billion Based  coindesk BPI bitcoin
1277670685696036866,2020-06-29 18:30:04,1323280062,One Bitcoin now worth     Market Cap     Billion Based  coindesk BPI bitcoin
1277670503222820873,2020-06-29 18:29:20,912654734032560129, ETH ETHUSD Ethereum crypto cryptocurrency cryptocurrencies digitalcurrency digitalcurrencies coindesk coinbase cointelegraph Here  How Cardano Differs From Bitcoin and Ethereum According  Charles Hoskinson 
1277663144815534084,2020-06-29 18:00:06,1323280062,One Bitcoin now worth     Market Cap     Billion Based  coindesk BPI bitcoin
1277655590571999235,2020-06-29 17:30:05,1323280062,One Bitcoin now worth     Market Cap     Billion Based  coindesk BPI bitcoin
1277648040246067201,2020-06-29 17:00:05,1323280062,One Bitcoin now worth     Market Cap     Billion Based  coindesk BPI bitcoin
1277640489227993088,2020-06-29 16:30:04,1323280062,One Bitcoin now worth     Market Cap     Billion Based  coindesk BPI bitcoin
1277632947479330817,2020-06-29 16:00:06,1323280062,One Bitcoin now worth     Market Cap     Billion Based  coindesk BPI bitcoin
1277632574576308228,2020-06-29 15:58:37,2291623532, Coindesk interview Abramoff was working with the government and tried  get   sell  company for   Million   had  technology that  completed right now and trading then why were they trying  force   sell  
1277625390924795906,2020-06-29 15:30:04,1323280062,One Bitcoin now worth     Market Cap     Billion Based  coindesk BPI bitcoin
1277617843098574848,2020-06-29 15:00:05,1323280062,One Bitcoin now worth     Market Cap     Billion Based  coindesk BPI bitcoin
1277610290889330688,2020-06-29 14:30:04,1323280062,One Bitcoin now worth     Market Cap     Billion Based  coindesk BPI bitcoin
1277602747169361920,2020-06-29 14:00:06,1323280062,One Bitcoin now worth     Market Cap     Billion Based  coindesk BPI bitcoin
1277595192246317056,2020-06-29 13:30:05,1323280062,One Bitcoin now worth     Market Cap     Billion Based  coindesk BPI bitcoin
1277587642419425282,2020-06-29 13:00:05,1323280062,One Bitcoin now worth     Market Cap     Billion Based  coindesk BPI bitcoin
1277580090512113674,2020-06-29 12:30:04,1323280062,One Bitcoin now worth     Market Cap     Billion Based  coindesk BPI bitcoin
1277572547001962498,2020-06-29 12:00:06,1323280062,One Bitcoin now worth     Market Cap     Billion Based  coindesk BPI bitcoin
1277564990652850177,2020-06-29 11:30:04,1323280062,One Bitcoin now worth     Market Cap     Billion Based  coindesk BPI bitcoin
1277557444160487424,2020-06-29 11:00:05,1323280062,One Bitcoin now worth     Market Cap     Billion Based  coindesk BPI bitcoin
1277549895134728194,2020-06-29 10:30:05,1323280062,One Bitcoin now worth     Market Cap     Billion Based  coindesk BPI bitcoin
1277545499759763457,2020-06-29 10:12:37,946357231670345728,Coindesk mentioned about FLETA What  honor  see how our great news  spreading  various places especially Coindesk Yes  will develop  Blockchain based data registry platform with the South Korean Government FLETA coindesk
1277545239352193024,2020-06-29 10:11:35,1015098884534591489,Coindesk mentioned about FLETA What  honor  see how our great news  spreading  various places especially Coindesk Yes  will develop  Blockchain based data registry platform with the South Korean Government FLETA coindesk 
1277542349544046592,2020-06-29 10:00:06,1323280062,One Bitcoin now worth     Market Cap     Billion Based  coindesk BPI bitcoin
1277534792456732672,2020-06-29 09:30:04,1323280062,One Bitcoin now worth     Market Cap     Billion Based  coindesk BPI bitcoin
1277527243569364997,2020-06-29 09:00:04,1323280062,One Bitcoin now worth     Market Cap     Billion Based  coindesk BPI bitcoin
1277519693943898118,2020-06-29 08:30:04,1323280062,One Bitcoin now worth     Market Cap     Billion Based  coindesk BPI bitcoin
1277518153644412928,2020-06-29 08:23:57,1131796398607933441, SEC  definitely not protecting  monetary monopoly SEC telegram securities lawsuits stobox coindesk
1277512149997367297,2020-06-29 08:00:06,1323280062,One Bitcoin now worth     Market Cap     Billion Based  coindesk BPI bitcoin
1277504591924428801,2020-06-29 07:30:04,1323280062,One Bitcoin now worth     Market Cap     Billion Based  coindesk BPI bitcoin
1277497043548856320,2020-06-29 07:00:04,1323280062,One Bitcoin now worth     Market Cap     Billion Based  coindesk BPI bitcoin
1277489493990354944,2020-06-29 06:30:04,1323280062,One Bitcoin now worth     Market Cap     Billion Based  coindesk BPI bitcoin
1277481949880356864,2020-06-29 06:00:05,1323280062,One Bitcoin now worth     Market Cap     Billion Based  coindesk BPI bitcoin
1277474395930451968,2020-06-29 05:30:04,1323280062,One Bitcoin now worth     Market Cap     Billion Based  coindesk BPI bitcoin
1277466846992760832,2020-06-29 05:00:05,1323280062,One Bitcoin now worth     Market Cap     Billion Based  coindesk BPI bitcoin
1277459292577304578,2020-06-29 04:30:04,1323280062,One Bitcoin now worth     Market Cap     Billion Based  coindesk BPI bitcoin
1277451752355303425,2020-06-29 04:00:06,1323280062,One Bitcoin now worth     Market Cap     Billion Based  coindesk BPI bitcoin
1277444193091272704,2020-06-29 03:30:04,1323280062,One Bitcoin now worth     Market Cap     Billion Based  coindesk BPI bitcoin
1277436647731331074,2020-06-29 03:00:05,1323280062,One Bitcoin now worth     Market Cap     Billion Based  coindesk BPI bitcoin
1277430618536566787,2020-06-29 02:36:07,4392128773, INTV BTSC CCTL stockstowatch stocks Investment stocktwits BreakingNews FoxNews DigitalMarketing WallStreet NewYork OTCQB OTC bitcoin blockchain ethereum Tether XRP coindesk smartcities crypto digitalcurrency mining Reuters bloomberg yacht wealth wsj
1277429094246944769,2020-06-29 02:30:04,1323280062,One Bitcoin now worth     Market Cap     Billion Based  coindesk BPI bitcoin
1277421549369339908,2020-06-29 02:00:05,1323280062,One Bitcoin now worth     Market Cap     Billion Based  coindesk BPI bitcoin
1277413997730500610,2020-06-29 01:30:04,1323280062,One Bitcoin now worth     Market Cap     Billion Based  coindesk BPI bitcoin
1277406454048309248,2020-06-29 01:00:06,1323280062,One Bitcoin now worth     Market Cap     Billion Based  coindesk BPI bitcoin
1277398897359491081,2020-06-29 00:30:04,1323280062,One Bitcoin now worth     Market Cap     Billion Based  coindesk BPI bitcoin
1277391356156170241,2020-06-29 00:00:06,1323280062,One Bitcoin now worth     Market Cap     Billion Based  coindesk BPI bitcoin
1277383797164716032,2020-06-28 23:30:04,1323280062,One Bitcoin now worth     Market Cap     Billion Based  coindesk BPI bitcoin
1277376249355272199,2020-06-28 23:00:05,1323280062,One Bitcoin now worth     Market Cap     Billion Based  coindesk BPI bitcoin
1277368695938076672,2020-06-28 22:30:04,1323280062,One Bitcoin now worth     Market Cap     Billion Based  coindesk BPI bitcoin
1277361157481926659,2020-06-28 22:00:06,1323280062,One Bitcoin now worth     Market Cap     Billion Based  coindesk BPI bitcoin
1277353600876978177,2020-06-28 21:30:05,1323280062,One Bitcoin now worth     Market Cap     Billion Based  coindesk BPI bitcoin
1277346051687669761,2020-06-28 21:00:05,1323280062,One Bitcoin now worth     Market Cap     Billion Based  coindesk BPI bitcoin
1277338500715642883,2020-06-28 20:30:05,1323280062,One Bitcoin now worth     Market Cap     Billion Based  coindesk BPI bitcoin
1277330956844744704,2020-06-28 20:00:06,1323280062,One Bitcoin now worth     Market Cap     Billion Based  coindesk BPI bitcoin
1277323399455539200,2020-06-28 19:30:04,1323280062,One Bitcoin now worth     Market Cap     Billion Based  coindesk BPI bitcoin
1277318243217268736,2020-06-28 19:09:35,24200759, MaticNetwork Aims for   TokenLockup  NewStakingProgram CoinDesk 
1277315857748824064,2020-06-28 19:00:06,1323280062,One Bitcoin now worth     Market Cap     Billion Based  coindesk BPI bitcoin
1277308300426690560,2020-06-28 18:30:04,1323280062,One Bitcoin now worth     Market Cap     Billion Based  coindesk BPI bitcoin
1277300751124086788,2020-06-28 18:00:04,1323280062,One Bitcoin now worth     Market Cap     Billion Based  coindesk BPI bitcoin
1277293203339784192,2020-06-28 17:30:05,1323280062,One Bitcoin now worth     Market Cap     Billion Based  coindesk BPI bitcoin
1277285660555124737,2020-06-28 17:00:06,1323280062,One Bitcoin now worth     Market Cap     Billion Based  coindesk BPI bitcoin
1277278104055136256,2020-06-28 16:30:05,1323280062,One Bitcoin now worth     Market Cap     Billion Based  coindesk BPI bitcoin
1277270558409994240,2020-06-28 16:00:06,1323280062,One Bitcoin now worth     Market Cap     Billion Based  coindesk BPI bitcoin
1277263002094448640,2020-06-28 15:30:04,1323280062,One Bitcoin now worth     Market Cap     Billion Based  coindesk BPI bitcoin
1277255453282615296,2020-06-28 15:00:04,1323280062,One Bitcoin now worth     Market Cap     Billion Based  coindesk BPI bitcoin
1277247902704979969,2020-06-28 14:30:04,1323280062,One Bitcoin now worth     Market Cap     Billion Based  coindesk BPI bitcoin
1277240360025100288,2020-06-28 14:00:06,1323280062,One Bitcoin now worth     Market Cap     Billion Based  coindesk BPI bitcoin
1277232803298582538,2020-06-28 13:30:04,1323280062,One Bitcoin now worth     Market Cap     Billion Based  coindesk BPI bitcoin
1277225260904001537,2020-06-28 13:00:06,1323280062,One Bitcoin now worth     Market Cap     Billion Based  coindesk BPI bitcoin
1277217703770689536,2020-06-28 12:30:04,1323280062,One Bitcoin now worth     Market Cap     Billion Based  coindesk BPI bitcoin
1277210159228637185,2020-06-28 12:00:06,1323280062,One Bitcoin now worth     Market Cap     Billion Based  coindesk BPI bitcoin
1277202603991093249,2020-06-28 11:30:04,1323280062,One Bitcoin now worth     Market Cap     Billion Based  coindesk BPI bitcoin
1277195055997038592,2020-06-28 11:00:05,1323280062,One Bitcoin now worth     Market Cap     Billion Based  coindesk BPI bitcoin
1277187503649435649,2020-06-28 10:30:04,1323280062,One Bitcoin now worth     Market Cap     Billion Based  coindesk BPI bitcoin
1277179955001143296,2020-06-28 10:00:04,1323280062,One Bitcoin now worth     Market Cap     Billion Based  coindesk BPI bitcoin
1277172403827879936,2020-06-28 09:30:04,1323280062,One Bitcoin now worth     Market Cap     Billion Based  coindesk BPI bitcoin
1277164859885604867,2020-06-28 09:00:05,1323280062,One Bitcoin now worth     Market Cap     Billion Based  coindesk BPI bitcoin
1277157305994432513,2020-06-28 08:30:04,1323280062,One Bitcoin now worth     Market Cap     Billion Based  coindesk BPI bitcoin
1277149761032912897,2020-06-28 08:00:05,1323280062,One Bitcoin now worth     Market Cap     Billion Based  coindesk BPI bitcoin
1277142205950558208,2020-06-28 07:30:04,1323280062,One Bitcoin now worth     Market Cap     Billion Based  coindesk BPI bitcoin
1277134659286155271,2020-06-28 07:00:05,1323280062,One Bitcoin now worth     Market Cap     Billion Based  coindesk BPI bitcoin
1277127104866516994,2020-06-28 06:30:04,1323280062,One Bitcoin now worth     Market Cap     Billion Based  coindesk BPI bitcoin
1277124371853856768,2020-06-28 06:19:12,17781898, cryptocurrencynews Telegram fined      the SEC  return      raised  ICO TON GRAM CoinDesk Bitcoin Ripple Blockchain Token coin ETH BTC Cryptos USA Russia Monero
1277119561393995776,2020-06-28 06:00:05,1323280062,One Bitcoin now worth     Market Cap     Billion Based  coindesk BPI bitcoin
1277112005678313473,2020-06-28 05:30:04,1323280062,One Bitcoin now worth     Market Cap     Billion Based  coindesk BPI bitcoin
1277104457642278917,2020-06-28 05:00:04,1323280062,One Bitcoin now worth     Market Cap     Billion Based  coindesk BPI bitcoin
1277096904615231488,2020-06-28 04:30:04,1323280062,One Bitcoin now worth     Market Cap     Billion Based  coindesk BPI bitcoin
1277089367660662786,2020-06-28 04:00:07,1323280062,One Bitcoin now worth     Market Cap     Billion Based  coindesk BPI bitcoin
1277081809117949952,2020-06-28 03:30:04,1323280062,One Bitcoin now worth     Market Cap     Billion Based  coindesk BPI bitcoin
1277074263879626754,2020-06-28 03:00:06,1323280062,One Bitcoin now worth     Market Cap     Billion Based  coindesk BPI bitcoin
1277066712718999552,2020-06-28 02:30:05,1323280062,One Bitcoin now worth     Market Cap     Billion Based  coindesk BPI bitcoin
1277059161876987904,2020-06-28 02:00:05,1323280062,One Bitcoin now worth     Market Cap     Billion Based  coindesk BPI bitcoin
1277051611228057600,2020-06-28 01:30:05,1323280062,One Bitcoin now worth     Market Cap     Billion Based  coindesk BPI bitcoin
1277044064517488640,2020-06-28 01:00:05,1323280062,One Bitcoin now worth     Market Cap     Billion Based  coindesk BPI bitcoin
1277036506977374210,2020-06-28 00:30:04,1323280062,One Bitcoin now worth     Market Cap     Billion Based  coindesk BPI bitcoin
1277028965840977920,2020-06-28 00:00:06,1323280062,One Bitcoin now worth     Market Cap     Billion Based  coindesk BPI bitcoin
1277021412344180737,2020-06-27 23:30:05,1323280062,One Bitcoin now worth     Market Cap     Billion Based  coindesk BPI bitcoin
1277013869496545283,2020-06-27 23:00:06,1323280062,One Bitcoin now worth     Market Cap     Billion Based  coindesk BPI bitcoin
1277006311947993094,2020-06-27 22:30:05,1323280062,One Bitcoin now worth     Market Cap     Billion Based  coindesk BPI bitcoin
1276998769922510848,2020-06-27 22:00:06,1323280062,One Bitcoin now worth     Market Cap     Billion Based  coindesk BPI bitcoin
1276991209303609346,2020-06-27 21:30:04,1323280062,One Bitcoin now worth     Market Cap     Billion Based  coindesk BPI bitcoin
1276983667211096070,2020-06-27 21:00:06,1323280062,One Bitcoin now worth     Market Cap     Billion Based  coindesk BPI bitcoin
1276976112678158344,2020-06-27 20:30:04,1323280062,One Bitcoin now worth     Market Cap     Billion Based  coindesk BPI bitcoin
1276968571055280130,2020-06-27 20:00:06,1323280062,One Bitcoin now worth     Market Cap     Billion Based  coindesk BPI bitcoin
1276961012047130630,2020-06-27 19:30:04,1323280062,One Bitcoin now worth     Market Cap     Billion Based  coindesk BPI bitcoin
1276953463960862720,2020-06-27 19:00:05,1323280062,One Bitcoin now worth     Market Cap     Billion Based  coindesk BPI bitcoin
1276945911550263297,2020-06-27 18:30:04,1323280062,One Bitcoin now worth     Market Cap     Billion Based  coindesk BPI bitcoin
1276938366731399168,2020-06-27 18:00:05,1323280062,One Bitcoin now worth     Market Cap     Billion Based  coindesk BPI bitcoin
1276933854092234758,2020-06-27 17:42:09,24200759, the Travel Rule Good  Bad for Crypto Both CoinDesk 
1276930811946766337,2020-06-27 17:30:04,1323280062,One Bitcoin now worth     Market Cap     Billion Based  coindesk BPI bitcoin
1276923269417971716,2020-06-27 17:00:06,1323280062,One Bitcoin now worth     Market Cap     Billion Based  coindesk BPI bitcoin
1276915715304558592,2020-06-27 16:30:05,1323280062,One Bitcoin now worth     Market Cap     Billion Based  coindesk BPI bitcoin
1276908169546076162,2020-06-27 16:00:06,1323280062,One Bitcoin now worth     Market Cap     Billion Based  coindesk BPI bitcoin
1276900615201984512,2020-06-27 15:30:04,1323280062,One Bitcoin now worth     Market Cap     Billion Based  coindesk BPI bitcoin
1276893072484372482,2020-06-27 15:00:06,1323280062,One Bitcoin now worth     Market Cap     Billion Based  coindesk BPI bitcoin
1276885512717025281,2020-06-27 14:30:04,1323280062,One Bitcoin now worth     Market Cap     Billion Based  coindesk BPI bitcoin
1276880213700378624,2020-06-27 14:09:00,24200759,Welcome  the GroundhogDay Economy   Sucks CoinDesk 
1276877967604559872,2020-06-27 14:00:05,1323280062,One Bitcoin now worth     Market Cap     Billion Based  coindesk BPI bitcoin
1276870412362809344,2020-06-27 13:30:04,1323280062,One Bitcoin now worth     Market Cap     Billion Based  coindesk BPI bitcoin
1276862866709254145,2020-06-27 13:00:05,1323280062,One Bitcoin now worth     Market Cap     Billion Based  coindesk BPI bitcoin
1276855316127383552,2020-06-27 12:30:04,1323280062,One Bitcoin now worth     Market Cap     Billion Based  coindesk BPI bitcoin
1276847769785950212,2020-06-27 12:00:05,1323280062,One Bitcoin now worth     Market Cap     Billion Based  coindesk BPI bitcoin
1276840215970185216,2020-06-27 11:30:04,1323280062,One Bitcoin now worth     Market Cap     Billion Based  coindesk BPI bitcoin
1276832671625330689,2020-06-27 11:00:05,1323280062,One Bitcoin now worth     Market Cap     Billion Based  coindesk BPI bitcoin
1276825115469197330,2020-06-27 10:30:04,1323280062,One Bitcoin now worth     Market Cap     Billion Based  coindesk BPI bitcoin
1276817572705468416,2020-06-27 10:00:06,1323280062,One Bitcoin now worth     Market Cap     Billion Based  coindesk BPI bitcoin
1276810015366619137,2020-06-27 09:30:04,1323280062,One Bitcoin now worth     Market Cap     Billion Based  coindesk BPI bitcoin
1276802473156505601,2020-06-27 09:00:06,1323280062,One Bitcoin now worth     Market Cap     Billion Based  coindesk BPI bitcoin
1276794913884123137,2020-06-27 08:30:03,1323280062,One Bitcoin now worth     Market Cap     Billion Based  coindesk BPI bitcoin
1276787372269731841,2020-06-27 08:00:05,1323280062,One Bitcoin now worth     Market Cap     Billion Based  coindesk BPI bitcoin
1276779821109071872,2020-06-27 07:30:05,1323280062,One Bitcoin now worth     Market Cap     Billion Based  coindesk BPI bitcoin
1276772274776018944,2020-06-27 07:00:06,1323280062,One Bitcoin now worth     Market Cap     Billion Based  coindesk BPI bitcoin
1276764719769178113,2020-06-27 06:30:04,1323280062,One Bitcoin now worth     Market Cap     Billion Based  coindesk BPI bitcoin
1276758338605375488,2020-06-27 06:04:43,1119262091314126848, When you write  other projects you sound very lofty but somehow  sense skepticism when  comes  Cardano First Mover Cardano   Ethereum Killer Yet but   Winning  Crypto Markets CoinDesk 
1276757175516442625,2020-06-27 06:00:06,1323280062,One Bitcoin now worth     Market Cap     Billion Based  coindesk BPI bitcoin
1276749619091968004,2020-06-27 05:30:04,1323280062,One Bitcoin now worth     Market Cap     Billion Based  coindesk BPI bitcoin
1276742074805768193,2020-06-27 05:00:06,1323280062,One Bitcoin now worth     Market Cap     Billion Based  coindesk BPI bitcoin
1276734520646086656,2020-06-27 04:30:04,1323280062,One Bitcoin now worth     Market Cap     Billion Based  coindesk BPI bitcoin
1276726976729042944,2020-06-27 04:00:06,1323280062,One Bitcoin now worth     Market Cap     Billion Based  coindesk BPI bitcoin
1276719418593214464,2020-06-27 03:30:04,1323280062,One Bitcoin now worth     Market Cap     Billion Based  coindesk BPI bitcoin
1276711880975945729,2020-06-27 03:00:07,1323280062,One Bitcoin now worth     Market Cap     Billion Based  coindesk BPI bitcoin
1276704321514725376,2020-06-27 02:30:04,1323280062,One Bitcoin now worth     Market Cap     Billion Based  coindesk BPI bitcoin
1276696777207492609,2020-06-27 02:00:06,1323280062,One Bitcoin now worth     Market Cap     Billion Based  coindesk BPI bitcoin
1276689221915475968,2020-06-27 01:30:04,1323280062,One Bitcoin now worth     Market Cap     Billion Based  coindesk BPI bitcoin
1276681674865160194,2020-06-27 01:00:05,1323280062,One Bitcoin now worth     Market Cap     Billion Based  coindesk BPI bitcoin
1276674121041149954,2020-06-27 00:30:04,1323280062,One Bitcoin now worth     Market Cap     Billion Based  coindesk BPI bitcoin
1276666579959402507,2020-06-27 00:00:06,1323280062,One Bitcoin now worth     Market Cap     Billion Based  coindesk BPI bitcoin
1276659022092013569,2020-06-26 23:30:04,1323280062,One Bitcoin now worth     Market Cap     Billion Based  coindesk BPI bitcoin
1276651476467748866,2020-06-26 23:00:05,1323280062,One Bitcoin now worth     Market Cap     Billion Based  coindesk BPI bitcoin
1276643926305366021,2020-06-26 22:30:05,1323280062,One Bitcoin now worth     Market Cap     Billion Based  coindesk BPI bitcoin
1276636377740910594,2020-06-26 22:00:05,1323280062,One Bitcoin now worth     Market Cap     Billion Based  coindesk BPI bitcoin
1276628824910966784,2020-06-26 21:30:05,1323280062,One Bitcoin now worth     Market Cap     Billion Based  coindesk BPI bitcoin
1276623601173770244,2020-06-26 21:09:19,24200759, Vanguard  Blockchain Platform for Foreign Exchange Will  Live      CoinDesk 
1276621284022116361,2020-06-26 21:00:07,1323280062,One Bitcoin now worth     Market Cap     Billion Based  coindesk BPI bitcoin
1276618823672762368,2020-06-26 20:50:20,24200759,Market Wrap Bitcoin Still Stuck   Rut Trading Below   CoinDesk   
1276613724472819714,2020-06-26 20:30:04,1323280062,One Bitcoin now worth     Market Cap     Billion Based  coindesk BPI bitcoin
1276607514470121472,2020-06-26 20:05:24,24200759,Defi Platform Opyn Launches Put Options  Compound Token CoinDesk 
1276606182124331008,2020-06-26 20:00:06,1323280062,One Bitcoin now worth     Market Cap     Billion Based  coindesk BPI bitcoin
1276598622688358401,2020-06-26 19:30:04,1323280062,One Bitcoin now worth     Market Cap     Billion Based  coindesk BPI bitcoin
1276597863624179714,2020-06-26 19:27:03,24200759, Tuur Demeester Monopolies Sow the Seeds  Their Own Destruction CoinDesk 
1276593094750691328,2020-06-26 19:08:06,1170038078364217344, ONT Tip   sats Tip   sats ONT ontology Binance cryptocurrency Wazirx coindesk ZIL ATOM 
1276591076191715330,2020-06-26 19:00:05,1323280062,One Bitcoin now worth     Market Cap     Billion Based  coindesk BPI bitcoin
1276583526301868033,2020-06-26 18:30:05,1323280062,One Bitcoin now worth     Market Cap     Billion Based  coindesk BPI bitcoin
1276583503065493504,2020-06-26 18:29:59,24200759,Mapping the Future  the SEC There   NonzeroChance HesterPeirce Takes Over CoinDesk 
1276575981877235714,2020-06-26 18:00:06,1323280062,One Bitcoin now worth     Market Cap     Billion Based  coindesk BPI bitcoin
1276574538998984704,2020-06-26 17:54:22,24200759, AMLBitcoin Founder Claims  Lobbyist JackAbramoff USGovernment Are Extorting Him CoinDesk 
1276568427105222657,2020-06-26 17:30:05,1323280062,One Bitcoin now worth     Market Cap     Billion Based  coindesk BPI bitcoin
1276560884295491586,2020-06-26 17:00:06,1323280062,One Bitcoin now worth     Market Cap     Billion Based  coindesk BPI bitcoin
1276559462292164609,2020-06-26 16:54:27,24200759,Technology Doesn  Fix America  Diversity Problem People  CoinDesk 
1276553326159634433,2020-06-26 16:30:04,1323280062,One Bitcoin now worth     Market Cap     Billion Based  coindesk BPI bitcoin
1276551472176607234,2020-06-26 16:22:42,24200759,Blockstream  Liquid Network Sent    BTCUnsafely Says Bitcoin Developer CoinDesk   
1276545785191174145,2020-06-26 16:00:06,1323280062,One Bitcoin now worth     Market Cap     Billion Based  coindesk BPI bitcoin
1276541538953240580,2020-06-26 15:43:14,24200759,Coinbase Lists Compound  COMP Token for Retail Crypto Traders CoinDesk 
1276539551113232384,2020-06-26 15:35:20,24200759,How the Crypto Community Helped  Raise     for Charity CoinDesk     
1276538227533512711,2020-06-26 15:30:05,1323280062,One Bitcoin now worth     Market Cap     Billion Based  coindesk BPI bitcoin
1276530681376575490,2020-06-26 15:00:05,1323280062,One Bitcoin now worth     Market Cap     Billion Based  coindesk BPI bitcoin
1276523130182414336,2020-06-26 14:30:05,1323280062,One Bitcoin now worth     Market Cap     Billion Based  coindesk BPI bitcoin
1276515582184173568,2020-06-26 14:00:05,1323280062,One Bitcoin now worth     Market Cap     Billion Based  coindesk BPI bitcoin
1276511332309692417,2020-06-26 13:43:12,4392128773, INTV BTSC CCTL bitcoin blockchain platform technology mining ethereum Tether XRP coindesk smartcities crypto digitalcurrency WallStreet NewYork OTCQB OTC Reuters bloomberg thestreet forbes nytimes awareness marketing media  yacht stockstowatch wsj
1276508028586557443,2020-06-26 13:30:05,1323280062,One Bitcoin now worth     Market Cap     Billion Based  coindesk BPI bitcoin
1276500480672358401,2020-06-26 13:00:05,1323280062,One Bitcoin now worth     Market Cap     Billion Based  coindesk BPI bitcoin
1276498431503187969,2020-06-26 12:51:56,24200759, Key Thesis for Bitcoin  Long Term Bull Market Just Got  Knock CoinDesk 
1276492927963992064,2020-06-26 12:30:04,1323280062,One Bitcoin now worth     Market Cap     Billion Based  coindesk BPI bitcoin
1276485609360691200,2020-06-26 12:00:59,24200759, FirstMover  the Cryptocurrency Markets  TwoExchanges Are Alike CoinDesk 
1276485381651914758,2020-06-26 12:00:05,1323280062,One Bitcoin now worth     Market Cap     Billion Based  coindesk BPI bitcoin
1276477825990774786,2020-06-26 11:30:04,1323280062,One Bitcoin now worth     Market Cap     Billion Based  coindesk BPI bitcoin
1276470282027499521,2020-06-26 11:00:05,1323280062,One Bitcoin now worth     Market Cap     Billion Based  coindesk BPI bitcoin
1276462730317189121,2020-06-26 10:30:05,1323280062,One Bitcoin now worth     Market Cap     Billion Based  coindesk BPI bitcoin
1276455184042995714,2020-06-26 10:00:05,1323280062,One Bitcoin now worth     Market Cap     Billion Based  coindesk BPI bitcoin
1276452509402488832,2020-06-26 09:49:28,24200759, AustraliaPost Now Lets Customers Buy Bitcoin  Over   Outlets CoinDesk 
1276447630181228544,2020-06-26 09:30:04,1323280062,One Bitcoin now worth     Market Cap     Billion Based  coindesk BPI bitcoin
1276440088176713733,2020-06-26 09:00:06,1323280062,One Bitcoin now worth     Market Cap     Billion Based  coindesk BPI bitcoin
1276438121211625474,2020-06-26 08:52:17,24200759, NewYorkRegulator Adds   Strike Rule for BitLicense Applicants CoinDesk 
1276432529319477248,2020-06-26 08:30:04,1323280062,One Bitcoin now worth     Market Cap     Billion Based  coindesk BPI bitcoin
1276427509765230592,2020-06-26 08:10:07,24200759,  Creating  Regulatory Regime for Cryptocurrencies Says Economic Chief CoinDesk 
1276424987084283904,2020-06-26 08:00:06,1323280062,One Bitcoin now worth     Market Cap     Billion Based  coindesk BPI bitcoin
1276417434262609921,2020-06-26 07:30:05,1323280062,One Bitcoin now worth     Market Cap     Billion Based  coindesk BPI bitcoin
1276409889942908928,2020-06-26 07:00:06,1323280062,One Bitcoin now worth     Market Cap     Billion Based  coindesk BPI bitcoin
1276402329252777985,2020-06-26 06:30:04,1323280062,One Bitcoin now worth     Market Cap     Billion Based  coindesk BPI bitcoin
1276394788972048396,2020-06-26 06:00:06,1323280062,One Bitcoin now worth     Market Cap     Billion Based  coindesk BPI bitcoin
1276387230785900545,2020-06-26 05:30:04,1323280062,One Bitcoin now worth     Market Cap     Billion Based  coindesk BPI bitcoin
1276379686810107905,2020-06-26 05:00:05,1323280062,One Bitcoin now worth     Market Cap     Billion Based  coindesk BPI bitcoin
1276375353766883328,2020-06-26 04:42:52,24200759, Binance Backed Blockchain Auditing Firm Partners With Hyundai Subsidiary  Track Internet  Things Devices CoinDesk 
1276372129722830848,2020-06-26 04:30:04,1323280062,One Bitcoin now worth     Market Cap     Billion Based  coindesk BPI bitcoin
1276364583800901633,2020-06-26 04:00:05,1323280062,One Bitcoin now worth     Market Cap     Billion Based  coindesk BPI bitcoin
1276357030069047297,2020-06-26 03:30:04,1323280062,One Bitcoin now worth     Market Cap     Billion Based  coindesk BPI bitcoin
1276349486332346370,2020-06-26 03:00:05,1323280062,One Bitcoin now worth     Market Cap     Billion Based  coindesk BPI bitcoin
1276349484692365313,2020-06-26 03:00:05,920924032702337024,Trio  Bitcoin Tokens Lures DeFi Yield Farmers  New Pastures coindesk 
1276341933795938305,2020-06-26 02:30:04,1323280062,One Bitcoin now worth     Market Cap     Billion Based  coindesk BPI bitcoin
1276334389413269510,2020-06-26 02:00:06,1323280062,One Bitcoin now worth     Market Cap     Billion Based  coindesk BPI bitcoin
1276326833928179712,2020-06-26 01:30:04,1323280062,One Bitcoin now worth     Market Cap     Billion Based  coindesk BPI bitcoin
1276325911965687808,2020-06-26 01:26:25,24200759, Trioof Bitcoin Tokens Lures DeFi Yield Farmers  New Pastures CoinDesk 
1276319288358551562,2020-06-26 01:00:05,1323280062,One Bitcoin now worth     Market Cap     Billion Based  coindesk BPI bitcoin
1276311735008473088,2020-06-26 00:30:05,1323280062,One Bitcoin now worth     Market Cap     Billion Based  coindesk BPI bitcoin
1276304188612521994,2020-06-26 00:00:05,1323280062,One Bitcoin now worth     Market Cap     Billion Based  coindesk BPI bitcoin
1276296632078909441,2020-06-25 23:30:04,1323280062,One Bitcoin now worth     Market Cap     Billion Based  coindesk BPI bitcoin
1276289086014316545,2020-06-25 23:00:05,1323280062,One Bitcoin now worth     Market Cap     Billion Based  coindesk BPI bitcoin
1276281538259357702,2020-06-25 22:30:05,1323280062,One Bitcoin now worth     Market Cap     Billion Based  coindesk BPI bitcoin
1276273990194118656,2020-06-25 22:00:05,1323280062,One Bitcoin now worth     Market Cap     Billion Based  coindesk BPI bitcoin
1276271632542244865,2020-06-25 21:50:43,1260157494548144129,Good summary and tutorial for the Amazing Decentraland coindesk dcl mana decentralized
1276266432842600448,2020-06-25 21:30:04,1323280062,One Bitcoin now worth     Market Cap     Billion Based  coindesk BPI bitcoin
1276261705371262977,2020-06-25 21:11:17,24200759, SovrinFoundation Sheds All Paid Staff  TaleofaTokenIssuance Gone Wrong CoinDesk 
1276260559802044417,2020-06-25 21:06:43,24200759,Market Wrap Bitcoin Tests    Market Struggles With Uncertainty CoinDesk   
1276258892335525892,2020-06-25 21:00:06,1323280062,One Bitcoin now worth     Market Cap     Billion Based  coindesk BPI bitcoin
1276251334719791104,2020-06-25 20:30:04,1323280062,One Bitcoin now worth     Market Cap     Billion Based  coindesk BPI bitcoin
1276243791817703425,2020-06-25 20:00:06,1323280062,One Bitcoin now worth     Market Cap     Billion Based  coindesk BPI bitcoin
1276239203127513090,2020-06-25 19:41:52,24200759,Consumer Watchdog Moves  Block Canadian Bitcoin Miner From  PowerGrid CoinDesk 
1276236235342778368,2020-06-25 19:30:04,1323280062,One Bitcoin now worth     Market Cap     Billion Based  coindesk BPI bitcoin
1276228750854717440,2020-06-25 19:00:20,24200759, Summer   Funding Season for Open Source Bitcoin Development CoinDesk 
1276228686296031233,2020-06-25 19:00:04,1323280062,One Bitcoin now worth     Market Cap     Billion Based  coindesk BPI bitcoin
1276221138654420995,2020-06-25 18:30:05,1323280062,One Bitcoin now worth     Market Cap     Billion Based  coindesk BPI bitcoin
1276216158123892737,2020-06-25 18:10:17,24200759, DOJ Indicts Founder  Anti Money Laundering Bitcoin Project for Money Laundering CoinDesk Anti MoneyLaunderingBitcoinProject 
1276213593600667650,2020-06-25 18:00:06,1323280062,One Bitcoin now worth     Market Cap     Billion Based  coindesk BPI bitcoin
1276206040435118080,2020-06-25 17:30:05,1323280062,One Bitcoin now worth     Market Cap     Billion Based  coindesk BPI bitcoin
1276200873685856256,2020-06-25 17:09:33,24200759,Some Numbers That Show Why Yield Farming COMP   Seductive CoinDesk 
1276198490343907328,2020-06-25 17:00:05,1323280062,One Bitcoin now worth     Market Cap     Billion Based  coindesk BPI bitcoin
1276193190085885952,2020-06-25 16:39:01,24200759, Crypto com  Card Issuer Wirecard Files for Bankruptcy CoinDesk 
1276190936599494658,2020-06-25 16:30:04,1323280062,One Bitcoin now worth     Market Cap     Billion Based  coindesk BPI bitcoin
1276186548648783873,2020-06-25 16:12:38,24200759,The People  Decentraland Will Greet YouNow CoinDesk 
1276183536823918595,2020-06-25 16:00:40,24200759,Telegram Agrees  Pay     Penalty  SEC Settlement Over Failed TON Offering CoinDesk     
1276183395215847425,2020-06-25 16:00:06,1323280062,One Bitcoin now worth     Market Cap     Billion Based  coindesk BPI bitcoin
1276175838103379968,2020-06-25 15:30:04,1323280062,One Bitcoin now worth     Market Cap     Billion Based  coindesk BPI bitcoin
1276168294546972672,2020-06-25 15:00:06,1323280062,One Bitcoin now worth     Market Cap     Billion Based  coindesk BPI bitcoin
1276160741259784193,2020-06-25 14:30:05,1323280062,One Bitcoin now worth     Market Cap     Billion Based  coindesk BPI bitcoin
1276158060772409348,2020-06-25 14:19:26,4392128773, INTV BTSC CCTL stockstowatch stocks investors stocktrading StockMarket FoxNews BREAKING bitcoin blockchain technology mining platform ethereum Tether XRP coindesk smartcities WallStreet NewYork OTCQB OTC Reuters bloomberg yacht wealth profit BULLISH
1276153195975381000,2020-06-25 14:00:06,1323280062,One Bitcoin now worth     Market Cap     Billion Based  coindesk BPI bitcoin
1276145643262750726,2020-06-25 13:30:05,1323280062,One Bitcoin now worth     Market Cap     Billion Based  coindesk BPI bitcoin
1276140218379309056,2020-06-25 13:08:32,24200759, Base LayerWars Heat  With Another   Committed  AVALabs AvalancheBlockchain CoinDesk   
1276138096631971840,2020-06-25 13:00:06,1323280062,One Bitcoin now worth     Market Cap     Billion Based  coindesk BPI bitcoin
1276134444714397696,2020-06-25 12:45:35,24200759, FirstMover What  Going  with Bitcoin Derivatives CoinDesk 
1276130540668805120,2020-06-25 12:30:04,1323280062,One Bitcoin now worth     Market Cap     Billion Based  coindesk BPI bitcoin
1276124616117891072,2020-06-25 12:06:32,24200759, CBDC Issuance  Not  Reaction  Libra Says CentralBankBody CoinDesk 
1276123161550041089,2020-06-25 12:00:45,24200759,Bitcoin Still  Track for Quarterly Gains After Drop Toward   CoinDesk   
1276122994298040320,2020-06-25 12:00:05,1323280062,One Bitcoin now worth     Market Cap     Billion Based  coindesk BPI bitcoin
1276115437965754368,2020-06-25 11:30:04,1323280062,One Bitcoin now worth     Market Cap     Billion Based  coindesk BPI bitcoin
1276108983661707264,2020-06-25 11:04:25,24200759, IBM Spawns Blockchain for Norwegian Salmon Fisheries CoinDesk 
1276107895428481024,2020-06-25 11:00:05,1323280062,One Bitcoin now worth     Market Cap     Billion Based  coindesk BPI bitcoin
1276101258886238215,2020-06-25 10:33:43,24200759, Kleiman Bitcoin Case Heads  Trial  Motion for Sanctions Against CraigWright  Denied CoinDesk 
1276100343601025025,2020-06-25 10:30:05,1323280062,One Bitcoin now worth     Market Cap     Billion Based  coindesk BPI bitcoin
1276093072812716037,2020-06-25 10:01:11,24200759,Circle Coinbase Bring USDC Stablecoin  Algorand  Blockchain CoinDesk 
1276092792679337986,2020-06-25 10:00:05,1323280062,One Bitcoin now worth     Market Cap     Billion Based  coindesk BPI bitcoin
1276085242336628736,2020-06-25 09:30:04,1323280062,One Bitcoin now worth     Market Cap     Billion Based  coindesk BPI bitcoin
1276079095038779392,2020-06-25 09:05:39,24200759,Ultra Rich Monaco Wants  Fund Social Impact Projects With Security Tokens CoinDesk 
1276077698360717313,2020-06-25 09:00:06,1323280062,One Bitcoin now worth     Market Cap     Billion Based  coindesk BPI bitcoin
1276070142108225537,2020-06-25 08:30:04,1323280062,One Bitcoin now worth     Market Cap     Billion Based  coindesk BPI bitcoin
1276066627906416642,2020-06-25 08:16:06,24200759,The COVID    Commerce Boom Hasn  Trickled Down  Bitcoin Despite Advantages CoinDesk 
1276062595439636483,2020-06-25 08:00:05,1323280062,One Bitcoin now worth     Market Cap     Billion Based  coindesk BPI bitcoin
1276060547251830784,2020-06-25 07:51:57,24200759, FCBarcelona  Token Sale Hit     Cap  Under  Hours CoinDesk     
1276058217106161666,2020-06-25 07:42:41,4392128773, CCTL INTV BTSC WallStreet NewYork OTCQB OTC Reuters bloomberg thestreet forbes nytimes awareness bitcoin blockchain crypto digitalcurrency ethereum ripple fintech cryptocurrency Litecoin coindesk smartcities mining exploration wealth yacht media cnn
1276055039665147905,2020-06-25 07:30:04,1323280062,One Bitcoin now worth     Market Cap     Billion Based  coindesk BPI bitcoin
1276047499560718337,2020-06-25 07:00:06,1323280062,One Bitcoin now worth     Market Cap     Billion Based  coindesk BPI bitcoin
1276039945891778562,2020-06-25 06:30:05,1323280062,One Bitcoin now worth     Market Cap     Billion Based  coindesk BPI bitcoin
1276035566895640577,2020-06-25 06:12:41,14797042,Yeah beam  clearly  scam having been mentioned  coindesk cointelegraph and  number  other prominent and reputable publications Those organizations only cover scams you know 
1276032399726559232,2020-06-25 06:00:06,1323280062,One Bitcoin now worth     Market Cap     Billion Based  coindesk BPI bitcoin
1276024844342169600,2020-06-25 05:30:04,1323280062,One Bitcoin now worth     Market Cap     Billion Based  coindesk BPI bitcoin
1276017297224859648,2020-06-25 05:00:05,1323280062,One Bitcoin now worth     Market Cap     Billion Based  coindesk BPI bitcoin
1276009742985564162,2020-06-25 04:30:04,1323280062,One Bitcoin now worth     Market Cap     Billion Based  coindesk BPI bitcoin
1276002194626621440,2020-06-25 04:00:04,1323280062,One Bitcoin now worth     Market Cap     Billion Based  coindesk BPI bitcoin
1275994647735787526,2020-06-25 03:30:05,1323280062,One Bitcoin now worth     Market Cap     Billion Based  coindesk BPI bitcoin
1275987102342275072,2020-06-25 03:00:06,1323280062,One Bitcoin now worth     Market Cap     Billion Based  coindesk BPI bitcoin
1275979544248438784,2020-06-25 02:30:04,1323280062,One Bitcoin now worth     Market Cap     Billion Based  coindesk BPI bitcoin
1275972001581207553,2020-06-25 02:00:06,1323280062,One Bitcoin now worth     Market Cap     Billion Based  coindesk BPI bitcoin
1275964445391499264,2020-06-25 01:30:04,1323280062,One Bitcoin now worth     Market Cap     Billion Based  coindesk BPI bitcoin
1275956901315063808,2020-06-25 01:00:06,1323280062,One Bitcoin now worth     Market Cap     Billion Based  coindesk BPI bitcoin
1275949343707738112,2020-06-25 00:30:04,1323280062,One Bitcoin now worth     Market Cap     Billion Based  coindesk BPI bitcoin
1275941803561299970,2020-06-25 00:00:06,1323280062,One Bitcoin now worth     Market Cap     Billion Based  coindesk BPI bitcoin
1275934248646696966,2020-06-24 23:30:05,1323280062,One Bitcoin now worth     Market Cap     Billion Based  coindesk BPI bitcoin
1275934248067895296,2020-06-24 23:30:05,920924032702337024,Market Wrap  Sea  Red Across Markets  Bitcoin Drops      coindesk 
1275926704435888131,2020-06-24 23:00:06,1323280062,One Bitcoin now worth     Market Cap     Billion Based  coindesk BPI bitcoin
1275919146648289283,2020-06-24 22:30:04,1323280062,One Bitcoin now worth     Market Cap     Billion Based  coindesk BPI bitcoin
1275911603825840129,2020-06-24 22:00:06,1323280062,One Bitcoin now worth     Market Cap     Billion Based  coindesk BPI bitcoin
1275904047116156930,2020-06-24 21:30:04,1323280062,One Bitcoin now worth     Market Cap     Billion Based  coindesk BPI bitcoin
1275896502955753472,2020-06-24 21:00:05,1323280062,One Bitcoin now worth     Market Cap     Billion Based  coindesk BPI bitcoin
1275893024606871552,2020-06-24 20:46:16,24200759,Market Wrap  Sea  Red Across Markets  Bitcoin Drops      CoinDesk     
1275889650238984194,2020-06-24 20:32:52,24200759, Singapore Begins Crackdown  Unlicensed Bitcoin Sellers CoinDesk 
1275888946589962243,2020-06-24 20:30:04,1323280062,One Bitcoin now worth     Market Cap     Billion Based  coindesk BPI bitcoin
1275881402890936320,2020-06-24 20:00:05,1323280062,One Bitcoin now worth     Market Cap     Billion Based  coindesk BPI bitcoin
1275873850325192709,2020-06-24 19:30:05,1323280062,One Bitcoin now worth     Market Cap     Billion Based  coindesk BPI bitcoin
1275870674289070084,2020-06-24 19:17:27,24200759, Bull  Bear Who Has the Economy Right CoinDesk 
1275866304365420546,2020-06-24 19:00:06,1323280062,One Bitcoin now worth     Market Cap     Billion Based  coindesk BPI bitcoin
1275864155292143616,2020-06-24 18:51:33,24200759,How  Spot aCrypto Scam CoinDesk 
1275862177941876736,2020-06-24 18:43:42,577795812, Bitcoin Options Market Faces Record   Billion Expiry  Friday CoinDesk OptionsTrading Crypto 
1275858749757022211,2020-06-24 18:30:04,1323280062,One Bitcoin now worth     Market Cap     Billion Based  coindesk BPI bitcoin
1275851205110087680,2020-06-24 18:00:06,1323280062,One Bitcoin now worth     Market Cap     Billion Based  coindesk BPI bitcoin
1275843652301053953,2020-06-24 17:30:05,1323280062,One Bitcoin now worth     Market Cap     Billion Based  coindesk BPI bitcoin
1275837568563757057,2020-06-24 17:05:54,24200759, Bitcoin Options Market Faces Record   Billion Expiry  Friday CoinDesk  Billion 
1275836103354957824,2020-06-24 17:00:05,1323280062,One Bitcoin now worth     Market Cap     Billion Based  coindesk BPI bitcoin
1275831069129007104,2020-06-24 16:40:05,24200759,Blockchain Bites BitLicense    Lawsky  Fallacy and Hehmeyer  Pivot CoinDesk 
1275828546712240130,2020-06-24 16:30:03,1323280062,One Bitcoin now worth     Market Cap     Billion Based  coindesk BPI bitcoin
1275828512239300610,2020-06-24 16:29:55,24200759, Bitcoin ATM Growth May   Boon for Money Launderers CoinDesk 
1275823685040066561,2020-06-24 16:10:44,24200759,This Startup  Forking Compound  Make Hiring More Efficient CoinDesk 
1275823682728931328,2020-06-24 16:10:44,24200759,BitLicense    For Startups Regulated Overseas NewYork Isn   Tough CoinDesk 
1275821007010508801,2020-06-24 16:00:06,1323280062,One Bitcoin now worth     Market Cap     Billion Based  coindesk BPI bitcoin
1275813454134247425,2020-06-24 15:30:05,1323280062,One Bitcoin now worth     Market Cap     Billion Based  coindesk BPI bitcoin
1275808470911127552,2020-06-24 15:10:17,24200759,BitLicense    Despite Architect Lawsky  Hopes FewStates Copied  Rules CoinDesk 
1275805908594032640,2020-06-24 15:00:06,1323280062,One Bitcoin now worth     Market Cap     Billion Based  coindesk BPI bitcoin
1275798352328867843,2020-06-24 14:30:05,1323280062,One Bitcoin now worth     Market Cap     Billion Based  coindesk BPI bitcoin
1275795382593818625,2020-06-24 14:18:16,24200759, FTX  Building LotsofSophisticatedMarkets FewTraders Use CoinDesk 
1275792863075479552,2020-06-24 14:08:16,24200759, BitLicense     Timeline  NewYork  Landmark Cryptocurrency Regulation CoinDesk 
1275790804775206915,2020-06-24 14:00:05,1323280062,One Bitcoin now worth     Market Cap     Billion Based  coindesk BPI bitcoin
1275784289645293573,2020-06-24 13:34:12,577795812,Nic Carter Where the  Fed Bitcoin  Not New Blog Goes Wrong CoinDesk Fiat fiatcurrency dollar yuan peso euro crypto money gold 
1275783251542581249,2020-06-24 13:30:04,1323280062,One Bitcoin now worth     Market Cap     Billion Based  coindesk BPI bitcoin
1275777732429991936,2020-06-24 13:08:08,24200759, NewYork Moves  Lure Crypto Startups  BitLicense Turns Five CoinDesk 
1275775706417553410,2020-06-24 13:00:05,1323280062,One Bitcoin now worth     Market Cap     Billion Based  coindesk BPI bitcoin
1275772608424939522,2020-06-24 12:47:47,24200759, FirstMover Bitcoin  Recent Stability May Come from  Fleeting Correlation With Equities CoinDesk 
1275768153323311105,2020-06-24 12:30:05,1323280062,One Bitcoin now worth     Market Cap     Billion Based  coindesk BPI bitcoin
1275762339648802816,2020-06-24 12:06:58,24200759,Veteran Commodities Trader ChrisHehmeyer Goes All   Crypto CoinDesk 
1275760610601586692,2020-06-24 12:00:06,1323280062,One Bitcoin now worth     Market Cap     Billion Based  coindesk BPI bitcoin
1275759816695316484,2020-06-24 11:56:57,24200759,Miners Are Sending Bitcoins  Exchanges Again and That May  Bearish CoinDesk 
1275753051962425345,2020-06-24 11:30:04,1323280062,One Bitcoin now worth     Market Cap     Billion Based  coindesk BPI bitcoin
1275745510327025664,2020-06-24 11:00:06,1323280062,One Bitcoin now worth     Market Cap     Billion Based  coindesk BPI bitcoin
1275741730004971520,2020-06-24 10:45:05,24200759, Argo Buys   Worth  Zcash Miners  Bitcoin Revenue Shrivels CoinDesk   
1275737954086985729,2020-06-24 10:30:04,1323280062,One Bitcoin now worth     Market Cap     Billion Based  coindesk BPI bitcoin
1275732567568928774,2020-06-24 10:08:40,24200759, SwissTechFirm Metaco Taps Blockchain Think Tank  Bolster Services CoinDesk 
1275730409859547136,2020-06-24 10:00:06,1323280062,One Bitcoin now worth     Market Cap     Billion Based  coindesk BPI bitcoin
1275722851950133249,2020-06-24 09:30:04,1323280062,One Bitcoin now worth     Market Cap     Billion Based  coindesk BPI bitcoin
1275718456055382019,2020-06-24 09:12:36,24200759,World  Oldest CentralBank Reviews Possible Digital Currency With Mixed Results CoinDesk 
1275715306955116544,2020-06-24 09:00:05,1323280062,One Bitcoin now worth     Market Cap     Billion Based  coindesk BPI bitcoin
1275707758675931137,2020-06-24 08:30:05,1323280062,One Bitcoin now worth     Market Cap     Billion Based  coindesk BPI bitcoin
1275702106255695874,2020-06-24 08:07:38,24200759, FATF Meets Wednesday  Discuss Travel Rule for Digital Assets CoinDesk 
1275700212162592777,2020-06-24 08:00:06,1323280062,One Bitcoin now worth     Market Cap     Billion Based  coindesk BPI bitcoin
1275692655729692674,2020-06-24 07:30:05,1323280062,One Bitcoin now worth     Market Cap     Billion Based  coindesk BPI bitcoin
1275685109337817088,2020-06-24 07:00:05,1323280062,One Bitcoin now worth     Market Cap     Billion Based  coindesk BPI bitcoin
1275677553504722945,2020-06-24 06:30:04,1323280062,One Bitcoin now worth     Market Cap     Billion Based  coindesk BPI bitcoin
1275670008752979969,2020-06-24 06:00:05,1323280062,One Bitcoin now worth     Market Cap     Billion Based  coindesk BPI bitcoin
1275662452076810241,2020-06-24 05:30:03,1323280062,One Bitcoin now worth     Market Cap     Billion Based  coindesk BPI bitcoin
1275654913020907522,2020-06-24 05:00:06,1323280062,One Bitcoin now worth     Market Cap     Billion Based  coindesk BPI bitcoin
1275647356516610050,2020-06-24 04:30:04,1323280062,One Bitcoin now worth     Market Cap     Billion Based  coindesk BPI bitcoin
1275641575222231041,2020-06-24 04:07:06,24200759, Homeland Security  Tech Scouts Reissue Call for Blockchain Startups CoinDesk USHomelandSecurityTech 
1275639813576765443,2020-06-24 04:00:06,1323280062,One Bitcoin now worth     Market Cap     Billion Based  coindesk BPI bitcoin
1275632256338612224,2020-06-24 03:30:04,1323280062,One Bitcoin now worth     Market Cap     Billion Based  coindesk BPI bitcoin
1275624714921222145,2020-06-24 03:00:06,1323280062,One Bitcoin now worth     Market Cap     Billion Based  coindesk BPI bitcoin
1275617154843500546,2020-06-24 02:30:04,1323280062,One Bitcoin now worth     Market Cap     Billion Based  coindesk BPI bitcoin
1275609612654428169,2020-06-24 02:00:05,1323280062,One Bitcoin now worth     Market Cap     Billion Based  coindesk BPI bitcoin
1275602059111301120,2020-06-24 01:30:05,920924032702337024,Market Wrap Bitcoin Trading Flat Holding      coindesk 
1275602056322088960,2020-06-24 01:30:04,1323280062,One Bitcoin now worth     Market Cap     Billion Based  coindesk BPI bitcoin
1275594510005927936,2020-06-24 01:00:05,1323280062,One Bitcoin now worth     Market Cap     Billion Based  coindesk BPI bitcoin
1275586962037112834,2020-06-24 00:30:05,1323280062,One Bitcoin now worth     Market Cap     Billion Based  coindesk BPI bitcoin
1275579431072010241,2020-06-24 00:00:10,1173537356747612160, PayPal will add support for bitcoin and other cryptocurrencies  the end    Coindesk reports that PayPal plans  add support for bitcoin and other cryptocurrencies   expected that this event will happen  three months  even earlier 
1275579415595024385,2020-06-24 00:00:06,1323280062,One Bitcoin now worth     Market Cap     Billion Based  coindesk BPI bitcoin
1275571858776211457,2020-06-23 23:30:04,1323280062,One Bitcoin now worth     Market Cap     Billion Based  coindesk BPI bitcoin
1275564315567968256,2020-06-23 23:00:06,1323280062,One Bitcoin now worth     Market Cap     Billion Based  coindesk BPI bitcoin
1275556757486649345,2020-06-23 22:30:04,1323280062,One Bitcoin now worth     Market Cap     Billion Based  coindesk BPI bitcoin
1275549216182538240,2020-06-23 22:00:06,1323280062,One Bitcoin now worth     Market Cap     Billion Based  coindesk BPI bitcoin
1275548786320904192,2020-06-23 21:58:23,24200759,Why CoinDesk Respects Pseudonymity  Stand Against Doxxing CoinDesk 
1275541659728728065,2020-06-23 21:30:04,1323280062,One Bitcoin now worth     Market Cap     Billion Based  coindesk BPI bitcoin
1275540112399630337,2020-06-23 21:23:55,24200759, Startup Pilots Digital Masks That Counter Facial Recognition CoinDesk 
1275534110048559109,2020-06-23 21:00:04,1323280062,One Bitcoin now worth     Market Cap     Billion Based  coindesk BPI bitcoin
1275527416312745985,2020-06-23 20:33:28,24200759,Market Wrap Bitcoin Trading Flat Holding      CoinDesk     
1275526560267874305,2020-06-23 20:30:04,1323280062,One Bitcoin now worth     Market Cap     Billion Based  coindesk BPI bitcoin
1275519018401742848,2020-06-23 20:00:06,1323280062,One Bitcoin now worth     Market Cap     Billion Based  coindesk BPI bitcoin
1275518396856258560,2020-06-23 19:57:38,24200759, Spain  Crypto Firms  Face New Registration Requirements Under  Driven Bill CoinDesk 
1275512747476877315,2020-06-23 19:35:11,24200759, SocialMoney Startup Inks Deal With Rapper JaRule Releases Song With LilB CoinDesk 
1275511461415211008,2020-06-23 19:30:04,1323280062,One Bitcoin now worth     Market Cap     Billion Based  coindesk BPI bitcoin
1275505991723999232,2020-06-23 19:08:20,24200759, Oil   Easy Money Enabled the Shale Revolution  TracyShuchart CoinDesk 
1275503919129559040,2020-06-23 19:00:06,1323280062,One Bitcoin now worth     Market Cap     Billion Based  coindesk BPI bitcoin
1275496361857822723,2020-06-23 18:30:04,1323280062,One Bitcoin now worth     Market Cap     Billion Based  coindesk BPI bitcoin
1275494287648661507,2020-06-23 18:21:50,24200759,Status Keycard Now Works With Android Mobile Devices CoinDesk 
1275488818137903109,2020-06-23 18:00:06,1323280062,One Bitcoin now worth     Market Cap     Billion Based  coindesk BPI bitcoin
1275481260656340994,2020-06-23 17:30:04,1323280062,One Bitcoin now worth     Market Cap     Billion Based  coindesk BPI bitcoin
1275473717112553472,2020-06-23 17:00:05,1323280062,One Bitcoin now worth     Market Cap     Billion Based  coindesk BPI bitcoin
1275470919469797378,2020-06-23 16:48:58,24200759, Blockchain Bites PayPal  Push FATF  Rules and Overstated Libra Fears CoinDesk 
1275466160553619465,2020-06-23 16:30:04,1323280062,One Bitcoin now worth     Market Cap     Billion Based  coindesk BPI bitcoin
1275461113979731968,2020-06-23 16:10:01,24200759,Bitcoin News Roundup for June    CoinDesk 
1275458621950877698,2020-06-23 16:00:07,1323280062,One Bitcoin now worth     Market Cap     Billion Based  coindesk BPI bitcoin
1275451066805452800,2020-06-23 15:30:05,1323280062,One Bitcoin now worth     Market Cap     Billion Based  coindesk BPI bitcoin
1275450938862366723,2020-06-23 15:29:35,24200759,Activists Document Police Misconduct Using Decentralized Protocol CoinDesk 
1275443520589819906,2020-06-23 15:00:06,1323280062,One Bitcoin now worth     Market Cap     Billion Based  coindesk BPI bitcoin
1275435963116744705,2020-06-23 14:30:04,1323280062,One Bitcoin now worth     Market Cap     Billion Based  coindesk BPI bitcoin
1275428419321372673,2020-06-23 14:00:06,1323280062,One Bitcoin now worth     Market Cap     Billion Based  coindesk BPI bitcoin
1275420917368328194,2020-06-23 13:30:17,1131796398607933441, about the hottest news Regulations are the biggest entry barrier  the securities industry Hard coding regulations  reduce this barrier  our big goal BaFin securities coindesk stobox
1275420862267699202,2020-06-23 13:30:04,1323280062,One Bitcoin now worth     Market Cap     Billion Based  coindesk BPI bitcoin
1275415712673259520,2020-06-23 13:09:36,24200759, LexSokolin DeFi Protocols Need  Act More Like Fiduciaries CoinDesk 
1275413316471578633,2020-06-23 13:00:05,1323280062,One Bitcoin now worth     Market Cap     Billion Based  coindesk BPI bitcoin
1275413077283004419,2020-06-23 12:59:08,1069887133815578624,News  the day Paypal And Venmo  Allow Users  Buy And Sell Cryptocurrency Paypal venmo users cryptocurrency buy sell bitcoin integrate service coindesk 
1275410459076825089,2020-06-23 12:48:44,24200759,The Last Time Volatility Was This Low Bitcoin Went   Rally    CoinDesk   
1275405763213774848,2020-06-23 12:30:04,1323280062,One Bitcoin now worth     Market Cap     Billion Based  coindesk BPI bitcoin
1275403143493410816,2020-06-23 12:19:39,24200759, Bank ING First ING Develops FATF Friendly Protocol for Track ING Crypto Transfers CoinDesk BankingFirst 
1275403140133781504,2020-06-23 12:19:39,24200759,Identity Startup Notabene Launches Exchange Tool for FATF Travel Rule Compliance CoinDesk 
1275398221536337920,2020-06-23 12:00:06,1323280062,One Bitcoin now worth     Market Cap     Billion Based  coindesk BPI bitcoin
1275390666776940545,2020-06-23 11:30:05,1323280062,One Bitcoin now worth     Market Cap     Billion Based  coindesk BPI bitcoin
1275383123207913473,2020-06-23 11:00:06,1323280062,One Bitcoin now worth     Market Cap     Billion Based  coindesk BPI bitcoin
1275375991427391490,2020-06-23 10:31:46,24200759, Ripple Affiliate Joins New Remittance Network Reaching Unbanked Filipinos CoinDesk 
1275375566267584516,2020-06-23 10:30:04,1323280062,One Bitcoin now worth     Market Cap     Billion Based  coindesk BPI bitcoin
1275368021889089537,2020-06-23 10:00:06,1323280062,One Bitcoin now worth     Market Cap     Billion Based  coindesk BPI bitcoin
1275360467565805571,2020-06-23 09:30:05,1323280062,One Bitcoin now worth     Market Cap     Billion Based  coindesk BPI bitcoin
1275352914131894272,2020-06-23 09:00:04,1323280062,One Bitcoin now worth     Market Cap     Billion Based  coindesk BPI bitcoin
1275345920721408000,2020-06-23 08:32:16,4119123268,PayPal  rumoured   looking into offering crypto services and the service could  expected  the next three months maybe sooner paypal venmo cryptocurrency coindesk cyberlaw fintech proeliumlaw 
1275345367035453440,2020-06-23 08:30:04,1323280062,One Bitcoin now worth     Market Cap     Billion Based  coindesk BPI bitcoin
1275337819699937282,2020-06-23 08:00:05,1323280062,One Bitcoin now worth     Market Cap     Billion Based  coindesk BPI bitcoin
1275330267503366144,2020-06-23 07:30:04,1323280062,One Bitcoin now worth     Market Cap     Billion Based  coindesk BPI bitcoin
1275328814428667907,2020-06-23 07:24:18,24200759, Big  Auditor KPMG Launches Crypto Asset Management Tools CoinDesk 
1275325549280444416,2020-06-23 07:11:20,24200759, Vanguard Ran Its Digital Asset Backed Securities Pilot   Minutes CoinDesk 
1275322718280441856,2020-06-23 07:00:05,1323280062,One Bitcoin now worth     Market Cap     Billion Based  coindesk BPI bitcoin
1275315166624788480,2020-06-23 06:30:04,1323280062,One Bitcoin now worth     Market Cap     Billion Based  coindesk BPI bitcoin
1275307620539170816,2020-06-23 06:00:05,1323280062,One Bitcoin now worth     Market Cap     Billion Based  coindesk BPI bitcoin
1275300784406581248,2020-06-23 05:32:55,161241778,Coindesk creates  rumor  jack  speculation The same coindesk  also wildly unprofessional about reporting 
1275300068611014656,2020-06-23 05:30:04,1323280062,One Bitcoin now worth     Market Cap     Billion Based  coindesk BPI bitcoin
1275295535050756096,2020-06-23 05:12:04,24200759,Cred Taps Former NSA WesternUnion Bosses for Leadership Team CoinDesk 
1275292520793153542,2020-06-23 05:00:05,1323280062,One Bitcoin now worth     Market Cap     Billion Based  coindesk BPI bitcoin
1275284965643751425,2020-06-23 04:30:04,1323280062,One Bitcoin now worth     Market Cap     Billion Based  coindesk BPI bitcoin
1275277424025120768,2020-06-23 04:00:06,1323280062,One Bitcoin now worth     Market Cap     Billion Based  coindesk BPI bitcoin
1275269871824232450,2020-06-23 03:30:05,1323280062,One Bitcoin now worth     Market Cap     Billion Based  coindesk BPI bitcoin
1275262324027383809,2020-06-23 03:00:05,1323280062,One Bitcoin now worth     Market Cap     Billion Based  coindesk BPI bitcoin
1275260931421822977,2020-06-23 02:54:33,1071990317535027201,Hey You Cryptocurrency Winners Bitcoin prices   Coindesk BTC ethereum ETH CryptoAssets SecuX hardwarewallet bitcoinwallet cryptowallet VaultGradeProtection via 
1275254769645432832,2020-06-23 02:30:04,1323280062,One Bitcoin now worth     Market Cap     Billion Based  coindesk BPI bitcoin
1275247223438262272,2020-06-23 02:00:05,1323280062,One Bitcoin now worth     Market Cap     Billion Based  coindesk BPI bitcoin
1275239669794508803,2020-06-23 01:30:04,1323280062,One Bitcoin now worth     Market Cap     Billion Based  coindesk BPI bitcoin
1275232124099059712,2020-06-23 01:00:05,1323280062,One Bitcoin now worth     Market Cap     Billion Based  coindesk BPI bitcoin
1275224572317622273,2020-06-23 00:30:05,1323280062,One Bitcoin now worth     Market Cap     Billion Based  coindesk BPI bitcoin
1275217023845502977,2020-06-23 00:00:05,1323280062,One Bitcoin now worth     Market Cap     Billion Based  coindesk BPI bitcoin
1275209474861600768,2020-06-22 23:30:05,1323280062,One Bitcoin now worth     Market Cap     Billion Based  coindesk BPI bitcoin
1275201929329676294,2020-06-22 23:00:06,1323280062,One Bitcoin now worth     Market Cap     Billion Based  coindesk BPI bitcoin
1275195468272644097,2020-06-22 22:34:26,3227447682, PayPal Venmo  Roll Out Crypto Buying and Selling Sources CoinDesk 
1275194373068722176,2020-06-22 22:30:05,1323280062,One Bitcoin now worth     Market Cap     Billion Based  coindesk BPI bitcoin
1275187183335485441,2020-06-22 22:01:30,24200759,Handshake Goes Live With  Uncensorable Internet Browser CoinDesk 
1275186830368018432,2020-06-22 22:00:06,1323280062,One Bitcoin now worth     Market Cap     Billion Based  coindesk BPI bitcoin
1275179274228686848,2020-06-22 21:30:05,1323280062,One Bitcoin now worth     Market Cap     Billion Based  coindesk BPI bitcoin
1275178764272496641,2020-06-22 21:28:03,931640982566731779,Coinbase revealed that  has initiated deals with  number    agencies including the DEA and the IRS  learn more about the crypto market and its lack  centralization give this Coindesk opinion article  read crypto BTC ETH coindesk 
1275171728138829824,2020-06-22 21:00:06,1323280062,One Bitcoin now worth     Market Cap     Billion Based  coindesk BPI bitcoin
1275170638760685569,2020-06-22 20:55:46,24200759,Market Wrap Bitcoin Hits      Bullish Crypto Sentiment Returns CoinDesk     
1275165802816299009,2020-06-22 20:36:33,24200759, Germany  Neufund Shuts Down Security Token Platform Saying BaFin Failed  Act CoinDesk 
1275164171643113474,2020-06-22 20:30:04,1323280062,One Bitcoin now worth     Market Cap     Billion Based  coindesk BPI bitcoin
1275156629416300548,2020-06-22 20:00:06,1323280062,One Bitcoin now worth     Market Cap     Billion Based  coindesk BPI bitcoin
1275149075361476616,2020-06-22 19:30:05,1323280062,One Bitcoin now worth     Market Cap     Billion Based  coindesk BPI bitcoin
1275145074712760320,2020-06-22 19:14:11,24200759,Liquidity  Bitcoin Perpetuals Exchange FTX Catches   Industry Leader BitMEX CoinDesk 
1275141527598247936,2020-06-22 19:00:05,1323280062,One Bitcoin now worth     Market Cap     Billion Based  coindesk BPI bitcoin
1275133986004762624,2020-06-22 18:30:07,920924032702337024,PayPal Venmo  Roll Out Crypto Buying and Selling Sources coindesk 
1275133973245628422,2020-06-22 18:30:04,1323280062,One Bitcoin now worth     Market Cap     Billion Based  coindesk BPI bitcoin
1275126429915713537,2020-06-22 18:00:06,1323280062,One Bitcoin now worth     Market Cap     Billion Based  coindesk BPI bitcoin
1275125569953370114,2020-06-22 17:56:41,888799097871839232,Outflow  Bitcoin From Miners  Lows Not Seen Since   CoinDesk Bank Plans Develop passiveincome Digital Currency bitcoin investment Blockchain market cryptolife price forex mining investor altcoin eth XRP binance coinbase 
1275118873944170496,2020-06-22 17:30:04,1323280062,One Bitcoin now worth     Market Cap     Billion Based  coindesk BPI bitcoin
1275114305227313153,2020-06-22 17:11:55,24200759, PayPal Venmo  Roll Out Crypto Buying and Selling Sources CoinDesk 
1275112620740263942,2020-06-22 17:05:13,24200759,Blockchain Bites Bitmain    Valuation Cambodia  CBDC and BTC   Bust CoinDesk   
1275111325585244163,2020-06-22 17:00:05,1323280062,One Bitcoin now worth     Market Cap     Billion Based  coindesk BPI bitcoin
1275103773283749890,2020-06-22 16:30:04,1323280062,One Bitcoin now worth     Market Cap     Billion Based  coindesk BPI bitcoin
1275097765526286336,2020-06-22 16:06:12,24200759, Fed Economists Call Fears  Original Libra Stablecoin Overstated CoinDesk 
1275096234840199168,2020-06-22 16:00:07,1323280062,One Bitcoin now worth     Market Cap     Billion Based  coindesk BPI bitcoin
1275088676133974017,2020-06-22 15:30:05,1323280062,One Bitcoin now worth     Market Cap     Billion Based  coindesk BPI bitcoin
1275083512035659776,2020-06-22 15:09:33,24200759, DeFi Hedging Startup Opyn Raises     From DragonflyCapital   CoinDesk     
1275081129981210624,2020-06-22 15:00:05,1323280062,One Bitcoin now worth     Market Cap     Billion Based  coindesk BPI bitcoin
1275073573435006977,2020-06-22 14:30:04,1323280062,One Bitcoin now worth     Market Cap     Billion Based  coindesk BPI bitcoin
1275066034320322561,2020-06-22 14:00:06,1323280062,One Bitcoin now worth     Market Cap     Billion Based  coindesk BPI bitcoin
1275062871802576898,2020-06-22 13:47:32,4392128773, INTV BTSC CCTL stockstowatch Investor Investor stocks Reuters bloomberg thestreet WallStreet NewYork OTCQB OTC bitcoin blockchain crypto digitalcurrency ethereum Tether XRP technologies platform coindesk smartcities yacht wealth profit payday money
1275058474397794304,2020-06-22 13:30:04,1323280062,One Bitcoin now worth     Market Cap     Billion Based  coindesk BPI bitcoin
1275051944072097793,2020-06-22 13:04:07,2281314234,Gunnar Jaerv The Tokenization Revolution Starts With Gold CoinDesk GunnarJaerv TokenizationRevolution CoinDesk 
1275051918277173248,2020-06-22 13:04:01,24200759, GunnarJaerv The TokenizationRevolution Starts With Gold CoinDesk 
1275050926848573440,2020-06-22 13:00:04,1323280062,One Bitcoin now worth     Market Cap     Billion Based  coindesk BPI bitcoin
1275049336867520512,2020-06-22 12:53:45,24200759, Bitcoin Sees Small Gain  Gold Rallies  One Month High CoinDesk 
1275043379982880769,2020-06-22 12:30:05,1323280062,One Bitcoin now worth     Market Cap     Billion Based  coindesk BPI bitcoin
1275035834694107136,2020-06-22 12:00:06,1323280062,One Bitcoin now worth     Market Cap     Billion Based  coindesk BPI bitcoin
1275028277376307200,2020-06-22 11:30:04,1323280062,One Bitcoin now worth     Market Cap     Billion Based  coindesk BPI bitcoin
1275020729399103488,2020-06-22 11:00:05,1323280062,One Bitcoin now worth     Market Cap     Billion Based  coindesk BPI bitcoin
1275013177890258946,2020-06-22 10:30:04,1323280062,One Bitcoin now worth     Market Cap     Billion Based  coindesk BPI bitcoin
1275005633838931973,2020-06-22 10:00:06,1323280062,One Bitcoin now worth     Market Cap     Billion Based  coindesk BPI bitcoin
1275005095302889472,2020-06-22 09:57:57,24200759, NewZealandPolice Seize   Linked  Alleged BTC eExchange Operator CoinDesk   
1274999422108291073,2020-06-22 09:35:25,24200759, Bitmain  Founder Offers Share Buyback    Valuation  End Power Struggle CoinDesk   
1274998075896082438,2020-06-22 09:30:04,1323280062,One Bitcoin now worth     Market Cap     Billion Based  coindesk BPI bitcoin
1274990533904121859,2020-06-22 09:00:06,1323280062,One Bitcoin now worth     Market Cap     Billion Based  coindesk BPI bitcoin
1274982976015786004,2020-06-22 08:30:04,1323280062,One Bitcoin now worth     Market Cap     Billion Based  coindesk BPI bitcoin
1274978049591779337,2020-06-22 08:10:29,24200759, Blackballed  PayPal Scientific Paper Pirate Takes Bitcoin Donations CoinDesk 
1274975436162940929,2020-06-22 08:00:06,1323280062,One Bitcoin now worth     Market Cap     Billion Based  coindesk BPI bitcoin
1274967881609031680,2020-06-22 07:30:05,1323280062,One Bitcoin now worth     Market Cap     Billion Based  coindesk BPI bitcoin
1274961716774948864,2020-06-22 07:05:35,24200759,Securitize  Japan Subsidiary Becomes FirstInternationalFirm  Join Self Regulatory Group CoinDesk 
1274960331538923520,2020-06-22 07:00:05,1323280062,One Bitcoin now worth     Market Cap     Billion Based  coindesk BPI bitcoin
1274952780407603200,2020-06-22 06:30:04,1323280062,One Bitcoin now worth     Market Cap     Billion Based  coindesk BPI bitcoin
1274945237086068736,2020-06-22 06:00:06,1323280062,One Bitcoin now worth     Market Cap     Billion Based  coindesk BPI bitcoin
1274937680149860355,2020-06-22 05:30:04,1323280062,One Bitcoin now worth     Market Cap     Billion Based  coindesk BPI bitcoin
1274936369597624322,2020-06-22 05:24:52,24200759,Power Ledger  Blockchain   Energy Trial Technically Feasible  Says  New Report CoinDesk 
